url,title
https://www.amazon.com/product-reviews/B07RNS2HR7,Customer reviews: Yankee Candle Fragrance Spheres ...
https://www.amazon.com/product-reviews/B07ZQ8XLHP,Customer reviews: Yankee Candle Large Jar ... - Amazon.com
https://www.amazon.com/Yankee-Candle-Large-Fresh-Roses/dp/B00069ZDJS,"Yankee Candle Fresh Cut Roses Scented, Classic 22oz Large ..."
https://www.amazon.com/Yankee-Candle-Large-Jar-Wedding/product-reviews/B0014SUGEW,Customer reviews: Yankee Candle Wedding Day Scented ...
https://www.amazon.com/Yankee-Candle-Fragrance-Spheres-Cotton/product-reviews/B06ZYTMP1W,"Customer reviews: Yankee Candle Fragrance Spheres, Clean ..."
https://www.amazon.com/Yankee-Candle-Large-Home-Sweet/dp/B000WUFVR0,"Yankee Candle Home Sweet Home Scented, Classic 22oz ..."
https://www.amazon.com/Yankee-Candle-Large-Midsummers-Night/product-reviews/B000ORX6WI,Customer reviews: Yankee Candle MidSummer&#39
https://www.amazon.com/Yankee-Candle-Large-Balsam-Cedar/dp/B000JDGC78,"Yankee Candle Balsam & Cedar Scented, Classic 22oz ..."
https://www.amazon.com/Yankee-Candle-Large-Sparkling-Cinnamon/dp/B001L2MD2E,"Yankee Candle Sparkling Cinnamon Scented, Classic ..."
https://www.amazon.com/product-reviews/B07FCSTXFX?reviewerType=all_reviews,Customer reviews: Yankee Candle Enchanted Moon Scented ...
https://www.amazon.com/product-reviews/B07ZQ8XLHP,Customer reviews: Yankee Candle Large Jar ... - Amazon.com
https://www.amazon.com/Yankee-Candle-Large-Fresh-Roses/dp/B00069ZDJS,"Yankee Candle Fresh Cut Roses Scented, Classic 22oz Large ..."
https://www.amazon.com/Yankee-Candle-Large-Jar-Wedding/product-reviews/B0014SUGEW,Customer reviews: Yankee Candle Wedding Day Scented ...
https://www.amazon.com/Yankee-Candle-Fragrance-Spheres-Cotton/product-reviews/B06ZYTMP1W,"Customer reviews: Yankee Candle Fragrance Spheres, Clean ..."
https://www.amazon.com/Yankee-Candle-Large-Home-Sweet/dp/B000WUFVR0,"Yankee Candle Home Sweet Home Scented, Classic 22oz ..."
https://www.amazon.com/Yankee-Candle-Large-Midsummers-Night/product-reviews/B000ORX6WI,Customer reviews: Yankee Candle MidSummer&#39
https://www.amazon.com/Yankee-Candle-Large-Balsam-Cedar/dp/B000JDGC78,"Yankee Candle Balsam & Cedar Scented, Classic 22oz ..."
https://www.amazon.com/Yankee-Candle-Large-Sparkling-Cinnamon/dp/B001L2MD2E,"Yankee Candle Sparkling Cinnamon Scented, Classic ..."
https://www.amazon.com/product-reviews/B07FCSTXFX?reviewerType=all_reviews,Customer reviews: Yankee Candle Enchanted Moon Scented ...
https://www.amazon.com/Yankee-Candle-Large-Mediterranean-Breeze/dp/B01MTS599T,"Yankee Candle Mediterranean Breeze Scented, Classic ..."
https://www.amazon.com/Yankee-Candle-Large-Fresh-Roses/dp/B00069ZDJS,"Yankee Candle Fresh Cut Roses Scented, Classic 22oz ..."
https://www.amazon.com/Yankee-Candle-Large-Jar-Wedding/product-reviews/B0014SUGEW,Customer reviews: Yankee Candle Wedding Day Scented ...
https://www.amazon.com/Yankee-Candle-Fragrance-Spheres-Cotton/product-reviews/B06ZYTMP1W,"Customer reviews: Yankee Candle Fragrance Spheres, Clean ..."
https://www.amazon.com/Yankee-Candle-Large-Home-Sweet/dp/B000WUFVR0,"Yankee Candle Home Sweet Home Scented, Classic 22oz ..."
https://www.amazon.com/Yankee-Candle-Large-Midsummers-Night/product-reviews/B000ORX6WI,Customer reviews: Yankee Candle MidSummer&#39
https://www.amazon.com/Yankee-Candle-Large-Balsam-Cedar/dp/B000JDGC78,"Yankee Candle Balsam & Cedar Scented, Classic 22oz ..."
https://www.amazon.com/Yankee-Candle-Large-Sparkling-Cinnamon/dp/B001L2MD2E,"Yankee Candle Sparkling Cinnamon Scented, Classic ..."
https://www.amazon.com/product-reviews/B07FCSTXFX?reviewerType=all_reviews,Customer reviews: Yankee Candle Enchanted Moon Scented ...
https://www.amazon.com/Yankee-Candle-Large-Mediterranean-Breeze/dp/B01MTS599T,"Yankee Candle Mediterranean Breeze Scented, Classic 22oz ..."
https://www.amazon.com/Yankee-Candle-Large-Mountain-Lodge/product-reviews/B003U24B7S,Customer reviews: Yankee Candle Mountain Lodge Scented ...
https://www.amazon.com/Yankee-Candle-Large-Jar-Wedding/product-reviews/B0014SUGEW,Customer reviews: Yankee Candle Wedding Day Scented ...
https://www.amazon.com/Yankee-Candle-Fragrance-Spheres-Cotton/product-reviews/B06ZYTMP1W,"Customer reviews: Yankee Candle Fragrance Spheres, Clean ..."
https://www.amazon.com/Yankee-Candle-Large-Home-Sweet/dp/B000WUFVR0,"Yankee Candle Home Sweet Home Scented, Classic 22oz ..."
https://www.amazon.com/Yankee-Candle-Large-Midsummers-Night/product-reviews/B000ORX6WI,Customer reviews: Yankee Candle MidSummer&#39
https://www.amazon.com/Yankee-Candle-Large-Balsam-Cedar/dp/B000JDGC78,"Yankee Candle Balsam & Cedar Scented, Classic 22oz ..."
https://www.amazon.com/Yankee-Candle-Large-Sparkling-Cinnamon/dp/B001L2MD2E,"Yankee Candle Sparkling Cinnamon Scented, Classic ..."
https://www.amazon.com/product-reviews/B07FCSTXFX?reviewerType=all_reviews,Customer reviews: Yankee Candle Enchanted Moon Scented ...
https://www.amazon.com/Yankee-Candle-Large-Mediterranean-Breeze/dp/B01MTS599T,"Yankee Candle Mediterranean Breeze Scented, Classic 22oz ..."
https://www.amazon.com/Yankee-Candle-Large-Mountain-Lodge/product-reviews/B003U24B7S,Customer reviews: Yankee Candle Mountain Lodge Scented ...
https://www.amazon.com/Yankee-Candle-Large-Jar-Harvest/product-reviews/B000W3RVA2?reviewerType=all_reviews,"Customer reviews: Yankee Candle Harvest Scented, Classic ..."
https://www.amazon.com/Yankee-Candle-Fragrance-Spheres-Cotton/product-reviews/B06ZYTMP1W,"Customer reviews: Yankee Candle Fragrance Spheres, Clean ..."
https://www.amazon.com/Yankee-Candle-Large-Home-Sweet/dp/B000WUFVR0,"Yankee Candle Home Sweet Home Scented, Classic 22oz ..."
https://www.amazon.com/Yankee-Candle-Large-Midsummers-Night/product-reviews/B000ORX6WI,Customer reviews: Yankee Candle MidSummer&#39
https://www.amazon.com/Yankee-Candle-Large-Balsam-Cedar/dp/B000JDGC78,"Yankee Candle Balsam & Cedar Scented, Classic 22oz ..."
https://www.amazon.com/Yankee-Candle-Large-Sparkling-Cinnamon/dp/B001L2MD2E,"Yankee Candle Sparkling Cinnamon Scented, Classic ..."
https://www.amazon.com/product-reviews/B07FCSTXFX?reviewerType=all_reviews,Customer reviews: Yankee Candle Enchanted Moon Scented ...
https://www.amazon.com/Yankee-Candle-Large-Mediterranean-Breeze/dp/B01MTS599T,"Yankee Candle Mediterranean Breeze Scented, Classic 22oz ..."
https://www.amazon.com/Yankee-Candle-Large-Mountain-Lodge/product-reviews/B003U24B7S,Customer reviews: Yankee Candle Mountain Lodge Scented ...
https://www.amazon.com/Yankee-Candle-Large-Jar-Harvest/product-reviews/B000W3RVA2?reviewerType=all_reviews,"Customer reviews: Yankee Candle Harvest Scented, Classic ..."
https://www.amazon.com/Yankee-Candle-Large-Jar-Harvest/product-reviews/B000W3RVA2,"Customer reviews: Yankee Candle Harvest Scented, Classic ..."
https://www.amazon.com/Yankee-Candle-Large-Home-Sweet/dp/B000WUFVR0,"Yankee Candle Home Sweet Home Scented, Classic 22oz ..."
https://www.amazon.com/Yankee-Candle-Large-Midsummers-Night/product-reviews/B000ORX6WI,Customer reviews: Yankee Candle MidSummer&#39
https://www.amazon.com/Yankee-Candle-Large-Balsam-Cedar/dp/B000JDGC78,"Yankee Candle Balsam & Cedar Scented, Classic 22oz ..."
https://www.amazon.com/Yankee-Candle-Large-Sparkling-Cinnamon/dp/B001L2MD2E,"Yankee Candle Sparkling Cinnamon Scented, Classic ..."
https://www.amazon.com/product-reviews/B07FCSTXFX?reviewerType=all_reviews,Customer reviews: Yankee Candle Enchanted Moon Scented ...
https://www.amazon.com/Yankee-Candle-Large-Mediterranean-Breeze/dp/B01MTS599T,"Yankee Candle Mediterranean Breeze Scented, Classic 22oz ..."
https://www.amazon.com/Yankee-Candle-Large-Mountain-Lodge/product-reviews/B003U24B7S,Customer reviews: Yankee Candle Mountain Lodge Scented ...
https://www.amazon.com/Yankee-Candle-Large-Jar-Harvest/product-reviews/B000W3RVA2?reviewerType=all_reviews,"Customer reviews: Yankee Candle Harvest Scented, Classic ..."
https://www.amazon.com/Yankee-Candle-Large-Jar-Harvest/product-reviews/B000W3RVA2,"Customer reviews: Yankee Candle Harvest Scented, Classic ..."
https://www.amazon.com/Yankee-Candle-Mmm-Bacon-22oz/product-reviews/B00BWA9F80,"Customer reviews: Yankee Candle Mmm, Bacon! Scented ..."
https://www.amazon.com/Yankee-Candle-Large-Midsummers-Night/product-reviews/B000ORX6WI,Customer reviews: Yankee Candle MidSummer&#39
https://www.amazon.com/Yankee-Candle-Large-Balsam-Cedar/dp/B000JDGC78,"Yankee Candle Balsam & Cedar Scented, Classic 22oz ..."
https://www.amazon.com/Yankee-Candle-Large-Sparkling-Cinnamon/dp/B001L2MD2E,"Yankee Candle Sparkling Cinnamon Scented, Classic ..."
https://www.amazon.com/product-reviews/B07FCSTXFX?reviewerType=all_reviews,Customer reviews: Yankee Candle Enchanted Moon Scented ...
https://www.amazon.com/Yankee-Candle-Large-Mediterranean-Breeze/dp/B01MTS599T,"Yankee Candle Mediterranean Breeze Scented, Classic 22oz ..."
https://www.amazon.com/Yankee-Candle-Large-Mountain-Lodge/product-reviews/B003U24B7S,Customer reviews: Yankee Candle Mountain Lodge Scented ...
https://www.amazon.com/Yankee-Candle-Large-Jar-Harvest/product-reviews/B000W3RVA2?reviewerType=all_reviews,"Customer reviews: Yankee Candle Harvest Scented, Classic ..."
https://www.amazon.com/Yankee-Candle-Large-Jar-Harvest/product-reviews/B000W3RVA2,"Customer reviews: Yankee Candle Harvest Scented, Classic ..."
https://www.amazon.com/Yankee-Candle-Mmm-Bacon-22oz/product-reviews/B00BWA9F80,"Customer reviews: Yankee Candle Mmm, Bacon! Scented ..."
https://www.amazon.com/Yankee-Candle-Large-White-Gardenia/product-reviews/B006QOK0ZY,Customer reviews: Yankee Candle White Gardenia Scented ...
https://www.amazon.com/Yankee-Candle-Large-Balsam-Cedar/dp/B000JDGC78,"Yankee Candle Balsam & Cedar Scented, Classic 22oz ..."
https://www.amazon.com/Yankee-Candle-Large-Sparkling-Cinnamon/dp/B001L2MD2E,"Yankee Candle Sparkling Cinnamon Scented, Classic ..."
https://www.amazon.com/product-reviews/B07FCSTXFX?reviewerType=all_reviews,Customer reviews: Yankee Candle Enchanted Moon Scented ...
https://www.amazon.com/Yankee-Candle-Large-Mediterranean-Breeze/dp/B01MTS599T,"Yankee Candle Mediterranean Breeze Scented, Classic 22oz ..."
https://www.amazon.com/Yankee-Candle-Large-Mountain-Lodge/product-reviews/B003U24B7S,Customer reviews: Yankee Candle Mountain Lodge Scented ...
https://www.amazon.com/Yankee-Candle-Large-Jar-Harvest/product-reviews/B000W3RVA2?reviewerType=all_reviews,"Customer reviews: Yankee Candle Harvest Scented, Classic ..."
https://www.amazon.com/Yankee-Candle-Large-Jar-Harvest/product-reviews/B000W3RVA2,"Customer reviews: Yankee Candle Harvest Scented, Classic ..."
https://www.amazon.com/Yankee-Candle-Mmm-Bacon-22oz/product-reviews/B00BWA9F80,"Customer reviews: Yankee Candle Mmm, Bacon! Scented ..."
https://www.amazon.com/Yankee-Candle-Large-White-Gardenia/product-reviews/B006QOK0ZY,Customer reviews: Yankee Candle White Gardenia Scented ...
https://www.amazon.com/gp/aw/reviews/B000W3V8II,Customer reviews: Yankee Candle Autumn Leaves Scented ...
https://www.amazon.com/Yankee-Candle-Large-Sparkling-Cinnamon/dp/B001L2MD2E,"Yankee Candle Sparkling Cinnamon Scented, Classic ..."
https://www.amazon.com/product-reviews/B07FCSTXFX?reviewerType=all_reviews,Customer reviews: Yankee Candle Enchanted Moon Scented ...
https://www.amazon.com/Yankee-Candle-Large-Mediterranean-Breeze/dp/B01MTS599T,"Yankee Candle Mediterranean Breeze Scented, Classic 22oz ..."
https://www.amazon.com/Yankee-Candle-Large-Mountain-Lodge/product-reviews/B003U24B7S,Customer reviews: Yankee Candle Mountain Lodge Scented ...
https://www.amazon.com/Yankee-Candle-Large-Jar-Harvest/product-reviews/B000W3RVA2?reviewerType=all_reviews,"Customer reviews: Yankee Candle Harvest Scented, Classic ..."
https://www.amazon.com/Yankee-Candle-Large-Jar-Harvest/product-reviews/B000W3RVA2,"Customer reviews: Yankee Candle Harvest Scented, Classic ..."
https://www.amazon.com/Yankee-Candle-Mmm-Bacon-22oz/product-reviews/B00BWA9F80,"Customer reviews: Yankee Candle Mmm, Bacon! Scented ..."
https://www.amazon.com/Yankee-Candle-Large-White-Gardenia/product-reviews/B006QOK0ZY,Customer reviews: Yankee Candle White Gardenia Scented ...
https://www.amazon.com/gp/aw/reviews/B000W3V8II,Customer reviews: Yankee Candle Autumn Leaves Scented ...
https://www.amazon.com/Yankee-Candle-Large-Midsummers-Night/dp/B000ORX6WI,"Yankee Candle MidSummer's Night Scented, Classic 22oz ..."
https://www.amazon.com/product-reviews/B07FCSTXFX?reviewerType=all_reviews,Customer reviews: Yankee Candle Enchanted Moon Scented ...
https://www.amazon.com/Yankee-Candle-Large-Mediterranean-Breeze/dp/B01MTS599T,"Yankee Candle Mediterranean Breeze Scented, Classic 22oz ..."
https://www.amazon.com/Yankee-Candle-Large-Mountain-Lodge/product-reviews/B003U24B7S,Customer reviews: Yankee Candle Mountain Lodge Scented ...
https://www.amazon.com/Yankee-Candle-Large-Jar-Harvest/product-reviews/B000W3RVA2?reviewerType=all_reviews,"Customer reviews: Yankee Candle Harvest Scented, Classic ..."
https://www.amazon.com/Yankee-Candle-Large-Jar-Harvest/product-reviews/B000W3RVA2,"Customer reviews: Yankee Candle Harvest Scented, Classic ..."
https://www.amazon.com/Yankee-Candle-Mmm-Bacon-22oz/product-reviews/B00BWA9F80,"Customer reviews: Yankee Candle Mmm, Bacon! Scented ..."
https://www.amazon.com/Yankee-Candle-Large-White-Gardenia/product-reviews/B006QOK0ZY,Customer reviews: Yankee Candle White Gardenia Scented ...
https://www.amazon.com/gp/aw/reviews/B000W3V8II,Customer reviews: Yankee Candle Autumn Leaves Scented ...
https://www.amazon.com/Yankee-Candle-Large-Midsummers-Night/dp/B000ORX6WI,"Yankee Candle MidSummer's Night Scented, Classic 22oz ..."
https://www.amazon.com/Yankee-Candle-Large-Beach-Walk/product-reviews/B00184X4W8,Customer reviews: Yankee Candle Beach Walk Scented ...
https://www.amazon.com/product-reviews/B07RNS2HR7,Customer reviews: Yankee Candle Fragrance Spheres ...
https://www.amazon.com/product-reviews/B07ZQ8XLHP,Customer reviews: Yankee Candle Large Jar ... - Amazon.com
https://www.amazon.com/Yankee-Candle-Large-Home-Sweet/dp/B000WUFVR0,"Yankee Candle Home Sweet Home Scented, Classic 22oz ..."
https://www.amazon.com/Yankee-Candle-Large-Jar-Wedding/product-reviews/B0014SUGEW,Customer reviews: Yankee Candle Wedding Day Scented ...
https://www.amazon.com/Yankee-Candle-Large-Jar-Harvest/product-reviews/B000W3RVA2,"Customer reviews: Yankee Candle Harvest Scented, Classic ..."
https://www.amazon.com/Yankee-Candle-Large-Mediterranean-Breeze/dp/B01MTS599T,"Yankee Candle Mediterranean Breeze Scented, Classic ..."
https://www.amazon.com/Yankee-Candle-Large-Fresh-Roses/dp/B00069ZDJS,"Yankee Candle Fresh Cut Roses Scented, Classic 22oz ..."
https://www.amazon.com/product-reviews/B07FCSTXFX?reviewerType=all_reviews,Customer reviews: Yankee Candle Enchanted Moon Scented ...
https://www.amazon.com/Yankee-Candle-Large-White-Gardenia/product-reviews/B006QOK0ZY,Customer reviews: Yankee Candle White Gardenia Scented ...
https://www.amazon.com/Yankee-Candle-Large-Jar-Harvest/product-reviews/B000W3RVA2?reviewerType=all_reviews,"Customer reviews: Yankee Candle Harvest Scented, Classic ..."
https://www.amazon.com/product-reviews/B07ZQ8XLHP,Customer reviews: Yankee Candle Large Jar ... - Amazon.com
https://www.amazon.com/Yankee-Candle-Large-Home-Sweet/dp/B000WUFVR0,"Yankee Candle Home Sweet Home Scented, Classic 22oz ..."
https://www.amazon.com/Yankee-Candle-Large-Jar-Wedding/product-reviews/B0014SUGEW,Customer reviews: Yankee Candle Wedding Day Scented ...
https://www.amazon.com/Yankee-Candle-Large-Jar-Harvest/product-reviews/B000W3RVA2,"Customer reviews: Yankee Candle Harvest Scented, Classic ..."
https://www.amazon.com/Yankee-Candle-Large-Mediterranean-Breeze/dp/B01MTS599T,"Yankee Candle Mediterranean Breeze Scented, Classic ..."
https://www.amazon.com/Yankee-Candle-Large-Fresh-Roses/dp/B00069ZDJS,"Yankee Candle Fresh Cut Roses Scented, Classic 22oz ..."
https://www.amazon.com/product-reviews/B07FCSTXFX?reviewerType=all_reviews,Customer reviews: Yankee Candle Enchanted Moon Scented ...
https://www.amazon.com/Yankee-Candle-Large-White-Gardenia/product-reviews/B006QOK0ZY,Customer reviews: Yankee Candle White Gardenia Scented ...
https://www.amazon.com/Yankee-Candle-Large-Jar-Harvest/product-reviews/B000W3RVA2?reviewerType=all_reviews,"Customer reviews: Yankee Candle Harvest Scented, Classic ..."
https://www.amazon.com/Yankee-Candle-Elevation-Collection-Platform/product-reviews/B07D38TCQP,Customer reviews: Yankee Candle Elevation ... - Amazon.com
https://www.amazon.com/Yankee-Candle-Large-Home-Sweet/dp/B000WUFVR0,"Yankee Candle Home Sweet Home Scented, Classic 22oz ..."
https://www.amazon.com/Yankee-Candle-Large-Jar-Wedding/product-reviews/B0014SUGEW,Customer reviews: Yankee Candle Wedding Day Scented ...
https://www.amazon.com/Yankee-Candle-Large-Jar-Harvest/product-reviews/B000W3RVA2,"Customer reviews: Yankee Candle Harvest Scented, Classic ..."
https://www.amazon.com/Yankee-Candle-Large-Mediterranean-Breeze/dp/B01MTS599T,"Yankee Candle Mediterranean Breeze Scented, Classic ..."
https://www.amazon.com/Yankee-Candle-Large-Fresh-Roses/dp/B00069ZDJS,"Yankee Candle Fresh Cut Roses Scented, Classic 22oz ..."
https://www.amazon.com/product-reviews/B07FCSTXFX?reviewerType=all_reviews,Customer reviews: Yankee Candle Enchanted Moon Scented ...
https://www.amazon.com/gp/aw/reviews/B000W3V8II,Customer reviews: Yankee Candle Autumn Leaves Scented ...
https://www.amazon.com/Yankee-Candle-Large-White-Gardenia/product-reviews/B006QOK0ZY,Customer reviews: Yankee Candle White Gardenia Scented ...
https://www.amazon.com/Yankee-Candle-Large-Jar-Harvest/product-reviews/B000W3RVA2?reviewerType=all_reviews,"Customer reviews: Yankee Candle Harvest Scented, Classic ..."
https://www.amazon.com/Yankee-Candle-Elevation-Collection-Platform/product-reviews/B07D38TCQP,Customer reviews: Yankee Candle Elevation ... - Amazon.com
https://www.amazon.com/Yankee-Candle-Large-Jar-Wedding/product-reviews/B0014SUGEW,Customer reviews: Yankee Candle Wedding Day Scented ...
https://www.amazon.com/Yankee-Candle-Large-Jar-Harvest/product-reviews/B000W3RVA2,"Customer reviews: Yankee Candle Harvest Scented, Classic ..."
https://www.amazon.com/Yankee-Candle-Large-Mediterranean-Breeze/dp/B01MTS599T,"Yankee Candle Mediterranean Breeze Scented, Classic ..."
https://www.amazon.com/Yankee-Candle-Large-Fresh-Roses/dp/B00069ZDJS,"Yankee Candle Fresh Cut Roses Scented, Classic 22oz ..."
https://www.amazon.com/product-reviews/B07FCSTXFX?reviewerType=all_reviews,Customer reviews: Yankee Candle Enchanted Moon Scented ...
https://www.amazon.com/gp/aw/reviews/B000W3V8II,Customer reviews: Yankee Candle Autumn Leaves Scented ...
https://www.amazon.com/Yankee-Candle-Large-White-Gardenia/product-reviews/B006QOK0ZY,Customer reviews: Yankee Candle White Gardenia Scented ...
https://www.amazon.com/Yankee-Candle-Large-Jar-Harvest/product-reviews/B000W3RVA2?reviewerType=all_reviews,"Customer reviews: Yankee Candle Harvest Scented, Classic ..."
https://www.amazon.com/Yankee-Candle-Elevation-Collection-Platform/product-reviews/B07D38TCQP,Customer reviews: Yankee Candle Elevation ... - Amazon.com
https://www.amazon.com/Yankee-Candle-Large-Balsam-Cedar/dp/B000JDGC78,"Yankee Candle Balsam & Cedar Scented, Classic 22oz ..."
https://www.amazon.com/Yankee-Candle-Large-Jar-Harvest/product-reviews/B000W3RVA2,"Customer reviews: Yankee Candle Harvest Scented, Classic ..."
https://www.amazon.com/Yankee-Candle-Large-Mediterranean-Breeze/dp/B01MTS599T,"Yankee Candle Mediterranean Breeze Scented, Classic ..."
https://www.amazon.com/Yankee-Candle-Large-Fresh-Roses/dp/B00069ZDJS,"Yankee Candle Fresh Cut Roses Scented, Classic 22oz ..."
https://www.amazon.com/product-reviews/B07FCSTXFX?reviewerType=all_reviews,Customer reviews: Yankee Candle Enchanted Moon Scented ...
https://www.amazon.com/Yankee-Candle-Large-White-Gardenia/product-reviews/B006QOK0ZY,Customer reviews: Yankee Candle White Gardenia Scented ...
https://www.amazon.com/Yankee-Candle-Large-Jar-Harvest/product-reviews/B000W3RVA2?reviewerType=all_reviews,"Customer reviews: Yankee Candle Harvest Scented, Classic ..."
https://www.amazon.com/Yankee-Candle-Elevation-Collection-Platform/product-reviews/B07D38TCQP,Customer reviews: Yankee Candle Elevation ... - Amazon.com
https://www.amazon.com/Yankee-Candle-Large-Soft-Blanket/product-reviews/B004IB12UY,Customer reviews: Yankee Candle Soft Blanket Scented ...
https://www.amazon.com/Yankee-Candle-Misty-Mountains-Large/product-reviews/B078GTX5LW?reviewerType=all_reviews,Customer reviews: Yankee Candle 5038581033693 jar Large ...
https://www.amazon.com/Yankee-Candle-Large-Balsam-Cedar/dp/B000JDGC78,"Yankee Candle Balsam & Cedar Scented, Classic 22oz ..."
https://www.amazon.com/Yankee-Candle-Large-Mediterranean-Breeze/dp/B01MTS599T,"Yankee Candle Mediterranean Breeze Scented, Classic ..."
https://www.amazon.com/Yankee-Candle-Large-Fresh-Roses/dp/B00069ZDJS,"Yankee Candle Fresh Cut Roses Scented, Classic 22oz ..."
https://www.amazon.com/product-reviews/B07FCSTXFX?reviewerType=all_reviews,Customer reviews: Yankee Candle Enchanted Moon Scented ...
https://www.amazon.com/Yankee-Candle-Large-White-Gardenia/product-reviews/B006QOK0ZY,Customer reviews: Yankee Candle White Gardenia Scented ...
https://www.amazon.com/Yankee-Candle-Large-Jar-Harvest/product-reviews/B000W3RVA2?reviewerType=all_reviews,"Customer reviews: Yankee Candle Harvest Scented, Classic ..."
https://www.amazon.com/Yankee-Candle-Elevation-Collection-Platform/product-reviews/B07D38TCQP,Customer reviews: Yankee Candle Elevation ... - Amazon.com
https://www.amazon.com/Yankee-Candle-Large-Soft-Blanket/product-reviews/B004IB12UY,Customer reviews: Yankee Candle Soft Blanket Scented ...
https://www.amazon.com/Yankee-Candle-Misty-Mountains-Large/product-reviews/B078GTX5LW?reviewerType=all_reviews,Customer reviews: Yankee Candle 5038581033693 jar Large ...
https://www.amazon.com/Yankee-Candle-Large-Balsam-Cedar/dp/B000JDGC78,"Yankee Candle Balsam & Cedar Scented, Classic 22oz Large ..."
https://www.amazon.com/Yankee-Candle-Large-Mountain-Lodge/product-reviews/B003U24B7S,Customer reviews: Yankee Candle Mountain Lodge Scented ...
https://www.amazon.com/Yankee-Candle-Large-Fresh-Roses/dp/B00069ZDJS,"Yankee Candle Fresh Cut Roses Scented, Classic 22oz ..."
https://www.amazon.com/product-reviews/B07FCSTXFX?reviewerType=all_reviews,Customer reviews: Yankee Candle Enchanted Moon Scented ...
https://www.amazon.com/gp/aw/reviews/B000W3V8II,Customer reviews: Yankee Candle Autumn Leaves Scented ...
https://www.amazon.com/Yankee-Candle-Large-White-Gardenia/product-reviews/B006QOK0ZY,Customer reviews: Yankee Candle White Gardenia Scented ...
https://www.amazon.com/Yankee-Candle-Large-Jar-Harvest/product-reviews/B000W3RVA2?reviewerType=all_reviews,"Customer reviews: Yankee Candle Harvest Scented, Classic ..."
https://www.amazon.com/Yankee-Candle-Elevation-Collection-Platform/product-reviews/B07D38TCQP,Customer reviews: Yankee Candle Elevation ... - Amazon.com
https://www.amazon.com/Yankee-Candle-Large-Balsam-Cedar/dp/B000JDGC78,"Yankee Candle Balsam & Cedar Scented, Classic 22oz Large ..."
https://www.amazon.com/Yankee-Candle-Misty-Mountains-Large/product-reviews/B078GTX5LW?reviewerType=all_reviews,Customer reviews: Yankee Candle 5038581033693 jar Large ...
https://www.amazon.com/product-reviews/B07Y92F7T9,"Customer reviews: Yankee Candle White Fir Scented, Classic ..."
https://www.amazon.com/Sparkling-Pine-Yankee-Candle-Jar/product-reviews/B001WMOAJC?reviewerType=all_reviews,Customer reviews: Sparkling Pine - Yankee Candle 22 oz Jar
https://www.amazon.com/product-reviews/B07FCSTXFX?reviewerType=all_reviews,Customer reviews: Yankee Candle Enchanted Moon Scented ...
https://www.amazon.com/gp/aw/reviews/B000W3V8II,Customer reviews: Yankee Candle Autumn Leaves Scented ...
https://www.amazon.com/Yankee-Candle-Large-White-Gardenia/product-reviews/B006QOK0ZY,Customer reviews: Yankee Candle White Gardenia Scented ...
https://www.amazon.com/Yankee-Candle-Large-Jar-Harvest/product-reviews/B000W3RVA2?reviewerType=all_reviews,"Customer reviews: Yankee Candle Harvest Scented, Classic ..."
https://www.amazon.com/Yankee-Candle-Elevation-Collection-Platform/product-reviews/B07D38TCQP,Customer reviews: Yankee Candle Elevation ... - Amazon.com
https://www.amazon.com/Yankee-Candle-Large-Balsam-Cedar/dp/B000JDGC78,"Yankee Candle Balsam & Cedar Scented, Classic 22oz Large ..."
https://www.amazon.com/Yankee-Candle-Misty-Mountains-Large/product-reviews/B078GTX5LW?reviewerType=all_reviews,Customer reviews: Yankee Candle 5038581033693 jar Large ...
https://www.amazon.com/product-reviews/B07Y92F7T9,"Customer reviews: Yankee Candle White Fir Scented, Classic ..."
https://www.amazon.com/Sparkling-Pine-Yankee-Candle-Jar/product-reviews/B001WMOAJC?reviewerType=all_reviews,Customer reviews: Sparkling Pine - Yankee Candle 22 oz Jar
https://www.amazon.com/Yankee-Candle-Elevation-Collection-Platform/product-reviews/B07D4HFPZQ?reviewerType=all_reviews,Customer reviews: Yankee Candle Elevation Collection with ...
https://www.amazon.com/gp/aw/reviews/B000W3V8II,Customer reviews: Yankee Candle Autumn Leaves Scented ...
https://www.amazon.com/Yankee-Candle-Large-White-Gardenia/product-reviews/B006QOK0ZY,Customer reviews: Yankee Candle White Gardenia Scented ...
https://www.amazon.com/Yankee-Candle-Large-Jar-Harvest/product-reviews/B000W3RVA2?reviewerType=all_reviews,"Customer reviews: Yankee Candle Harvest Scented, Classic ..."
https://www.amazon.com/Yankee-Candle-Elevation-Collection-Platform/product-reviews/B07D38TCQP,Customer reviews: Yankee Candle Elevation ... - Amazon.com
https://www.amazon.com/Yankee-Candle-Large-Balsam-Cedar/dp/B000JDGC78,"Yankee Candle Balsam & Cedar Scented, Classic 22oz Large ..."
https://www.amazon.com/Yankee-Candle-Misty-Mountains-Large/product-reviews/B078GTX5LW?reviewerType=all_reviews,Customer reviews: Yankee Candle 5038581033693 jar Large ...
https://www.amazon.com/product-reviews/B07Y92F7T9,"Customer reviews: Yankee Candle White Fir Scented, Classic ..."
https://www.amazon.com/Sparkling-Pine-Yankee-Candle-Jar/product-reviews/B001WMOAJC?reviewerType=all_reviews,Customer reviews: Sparkling Pine - Yankee Candle 22 oz Jar
https://www.amazon.com/Yankee-Candle-Elevation-Collection-Platform/product-reviews/B07D4HFPZQ?reviewerType=all_reviews,Customer reviews: Yankee Candle Elevation Collection with ...
https://www.amazon.com/Yankee-Candle-Large-Mountain-Lodge/product-reviews/B003U24B7S?reviewerType=all_reviews,Customer reviews: Yankee Candle Mountain Lodge Scented ...
https://www.amazon.com/Yankee-Candle-Large-White-Gardenia/product-reviews/B006QOK0ZY,Customer reviews: Yankee Candle White Gardenia Scented ...
https://www.amazon.com/Yankee-Candle-Large-Jar-Harvest/product-reviews/B000W3RVA2?reviewerType=all_reviews,"Customer reviews: Yankee Candle Harvest Scented, Classic ..."
https://www.amazon.com/Yankee-Candle-Elevation-Collection-Platform/product-reviews/B07D38TCQP,Customer reviews: Yankee Candle Elevation ... - Amazon.com
https://www.amazon.com/Yankee-Candle-Large-Balsam-Cedar/dp/B000JDGC78,"Yankee Candle Balsam & Cedar Scented, Classic 22oz Large ..."
https://www.amazon.com/Yankee-Candle-Misty-Mountains-Large/product-reviews/B078GTX5LW?reviewerType=all_reviews,Customer reviews: Yankee Candle 5038581033693 jar Large ...
https://www.amazon.com/product-reviews/B07Y92F7T9,"Customer reviews: Yankee Candle White Fir Scented, Classic ..."
https://www.amazon.com/Sparkling-Pine-Yankee-Candle-Jar/product-reviews/B001WMOAJC?reviewerType=all_reviews,Customer reviews: Sparkling Pine - Yankee Candle 22 oz Jar
https://www.amazon.com/Yankee-Candle-Elevation-Collection-Platform/product-reviews/B07D4HFPZQ?reviewerType=all_reviews,Customer reviews: Yankee Candle Elevation Collection with ...
https://www.amazon.com/Yankee-Candle-Large-Mountain-Lodge/product-reviews/B003U24B7S?reviewerType=all_reviews,Customer reviews: Yankee Candle Mountain Lodge Scented ...
https://www.amazon.com/Yankee-Candle-Large-Beach-Walk/dp/B00184X4W8,"Yankee Candle Beach Walk Scented, Classic 22oz Large ..."
https://www.amazon.com/Yankee-Candle-Elevation-Collection-Platform/product-reviews/B07D4HFPZQ?reviewerType=all_reviews,Customer reviews: Yankee Candle Elevation Collection with ...
https://www.amazon.com/Yankee-Candle-241469-Fragrance-Colllection/product-reviews/B07XXZJ29J?reviewerType=all_reviews,Customer reviews: Yankee Candle Scented Fragrance ...
https://www.amazon.com/Yankee-Candle-Misty-Mountains-Large/product-reviews/B078GTX5LW,Customer reviews: Yankee Candle 5038581033693 jar Large ...
https://www.amazon.com/Yankee-Candle-Elevation-Collection-Platform/product-reviews/B07D396V8Y?reviewerType=all_reviews,Customer reviews: Yankee Candle Elevation ... - Amazon.com
https://www.amazon.com/product-reviews/B07D4JMVWW?reviewerType=all_reviews,Customer reviews: Yankee Candle Elevation ... - Amazon.com
https://www.amazon.com/gp/aw/reviews/B004WNB6FY,Customer reviews: Yankee Candle Company ... - Amazon.com
https://www.amazon.com/Yankee-Candle-Autumn-Glow-Small/product-reviews/B06XFXX3P5?reviewerType=all_reviews,Customer reviews: Yankee Candle 5038581016672 jar Small ...
https://www.amazon.com/Yankee-Candle-Elevation-Collection-Platform/product-reviews/B07D39T2ZF,Customer reviews: Yankee Candle Elevation Collection with ...
https://www.amazon.com/Yankee-Candle-Vanilla-Scent-Refills/product-reviews/B01F0BMX30,Customer reviews: Yankee Candle 5038580073874 Electric ...
https://www.amazon.com/Yankee-Candle-Elevation-Collection-Platform/product-reviews/B07D4JMZHD,Customer reviews: Yankee Candle Elevation Collection with ...
https://www.amazon.com/Yankee-Candle-241469-Fragrance-Colllection/product-reviews/B07XXZJ29J?reviewerType=all_reviews,Customer reviews: Yankee Candle Scented Fragrance ...
https://www.amazon.com/Yankee-Candle-Misty-Mountains-Large/product-reviews/B078GTX5LW,Customer reviews: Yankee Candle 5038581033693 jar Large ...
https://www.amazon.com/Yankee-Candle-Elevation-Collection-Platform/product-reviews/B07D396V8Y?reviewerType=all_reviews,Customer reviews: Yankee Candle Elevation ... - Amazon.com
https://www.amazon.com/product-reviews/B07D4JMVWW?reviewerType=all_reviews,Customer reviews: Yankee Candle Elevation ... - Amazon.com
https://www.amazon.com/gp/aw/reviews/B004WNB6FY,Customer reviews: Yankee Candle Company ... - Amazon.com
https://www.amazon.com/Yankee-Candle-Autumn-Glow-Small/product-reviews/B06XFXX3P5?reviewerType=all_reviews,Customer reviews: Yankee Candle 5038581016672 jar Small ...
https://www.amazon.com/Yankee-Candle-Elevation-Collection-Platform/product-reviews/B07D39T2ZF,Customer reviews: Yankee Candle Elevation Collection with ...
https://www.amazon.com/Yankee-Candle-Vanilla-Scent-Refills/product-reviews/B01F0BMX30,Customer reviews: Yankee Candle 5038580073874 Electric ...
https://www.amazon.com/Yankee-Candle-Elevation-Collection-Platform/product-reviews/B07D4JMZHD,Customer reviews: Yankee Candle Elevation Collection with ...
https://www.amazon.com/Yankee-Candle-Elevation-Collection-Platform/product-reviews/B07D38TCQP,Customer reviews: Yankee Candle Elevation ... - Amazon.com
https://www.amazon.com/Yankee-Candle-Misty-Mountains-Large/product-reviews/B078GTX5LW,Customer reviews: Yankee Candle 5038581033693 jar Large ...
https://www.amazon.com/Yankee-Candle-Elevation-Collection-Platform/product-reviews/B07D396V8Y?reviewerType=all_reviews,Customer reviews: Yankee Candle Elevation ... - Amazon.com
https://www.amazon.com/product-reviews/B07D4JMVWW?reviewerType=all_reviews,Customer reviews: Yankee Candle Elevation ... - Amazon.com
https://www.amazon.com/gp/aw/reviews/B004WNB6FY,Customer reviews: Yankee Candle Company ... - Amazon.com
https://www.amazon.com/Yankee-Candle-Autumn-Glow-Small/product-reviews/B06XFXX3P5?reviewerType=all_reviews,Customer reviews: Yankee Candle 5038581016672 jar Small ...
https://www.amazon.com/Yankee-Candle-Elevation-Collection-Platform/product-reviews/B07D39T2ZF,Customer reviews: Yankee Candle Elevation Collection with ...
https://www.amazon.com/Yankee-Candle-Vanilla-Scent-Refills/product-reviews/B01F0BMX30,Customer reviews: Yankee Candle 5038580073874 Electric ...
https://www.amazon.com/Yankee-Candle-Elevation-Collection-Platform/product-reviews/B07D4JMZHD,Customer reviews: Yankee Candle Elevation Collection with ...
https://www.amazon.com/Yankee-Candle-Elevation-Collection-Platform/product-reviews/B07D38TCQP,Customer reviews: Yankee Candle Elevation ... - Amazon.com
https://www.amazon.com/product-reviews/B08F2V295C?reviewerType=all_reviews,Customer reviews: Yankee Candle Advent Calendar 2020 ...
https://www.amazon.com/Yankee-Candle-Elevation-Collection-Platform/product-reviews/B07D396V8Y?reviewerType=all_reviews,Customer reviews: Yankee Candle Elevation ... - Amazon.com
https://www.amazon.com/product-reviews/B07D4JMVWW?reviewerType=all_reviews,Customer reviews: Yankee Candle Elevation ... - Amazon.com
https://www.amazon.com/gp/aw/reviews/B004WNB6FY,Customer reviews: Yankee Candle Company ... - Amazon.com
https://www.amazon.com/Yankee-Candle-Autumn-Glow-Small/product-reviews/B06XFXX3P5?reviewerType=all_reviews,Customer reviews: Yankee Candle 5038581016672 jar Small ...
https://www.amazon.com/Yankee-Candle-Elevation-Collection-Platform/product-reviews/B07D39T2ZF,Customer reviews: Yankee Candle Elevation Collection with ...
https://www.amazon.com/Yankee-Candle-Vanilla-Scent-Refills/product-reviews/B01F0BMX30,Customer reviews: Yankee Candle 5038580073874 Electric ...
https://www.amazon.com/Yankee-Candle-Elevation-Collection-Platform/product-reviews/B07D4JMZHD,Customer reviews: Yankee Candle Elevation Collection with ...
https://www.amazon.com/Yankee-Candle-Elevation-Collection-Platform/product-reviews/B07D38TCQP,Customer reviews: Yankee Candle Elevation ... - Amazon.com
https://www.amazon.com/product-reviews/B08F2V295C?reviewerType=all_reviews,Customer reviews: Yankee Candle Advent Calendar 2020 ...
https://www.amazon.com/Yankee-Candle-Elevation-Collection-Platform/product-reviews/B07D39HSRQ?pageNumber=3,Customer reviews: Yankee Candle Elevation ... - Amazon.com
https://www.amazon.com/product-reviews/B07D4JMVWW?reviewerType=all_reviews,Customer reviews: Yankee Candle Elevation ... - Amazon.com
https://www.amazon.com/gp/aw/reviews/B004WNB6FY,Customer reviews: Yankee Candle Company ... - Amazon.com
https://www.amazon.com/Yankee-Candle-Autumn-Glow-Small/product-reviews/B06XFXX3P5?reviewerType=all_reviews,Customer reviews: Yankee Candle 5038581016672 jar Small ...
https://www.amazon.com/Yankee-Candle-Elevation-Collection-Platform/product-reviews/B07D39T2ZF,Customer reviews: Yankee Candle Elevation Collection with ...
https://www.amazon.com/Yankee-Candle-Vanilla-Scent-Refills/product-reviews/B01F0BMX30,Customer reviews: Yankee Candle 5038580073874 Electric ...
https://www.amazon.com/Yankee-Candle-Elevation-Collection-Platform/product-reviews/B07D4JMZHD,Customer reviews: Yankee Candle Elevation Collection with ...
https://www.amazon.com/Yankee-Candle-Elevation-Collection-Platform/product-reviews/B07D38TCQP,Customer reviews: Yankee Candle Elevation ... - Amazon.com
https://www.amazon.com/product-reviews/B08F2V295C?reviewerType=all_reviews,Customer reviews: Yankee Candle Advent Calendar 2020 ...
https://www.amazon.com/Yankee-Candle-Elevation-Collection-Platform/product-reviews/B07D39HSRQ?pageNumber=3,Customer reviews: Yankee Candle Elevation ... - Amazon.com
https://www.amazon.com/Yankee-Candle-Elevation-Collection-Platform/product-reviews/B07D39HSRQ?pageNumber=6,Customer reviews: Yankee Candle Elevation Collection with ...
https://www.amazon.com/gp/aw/reviews/B004WNB6FY,Customer reviews: Yankee Candle Company ... - Amazon.com
https://www.amazon.com/Yankee-Candle-Autumn-Glow-Small/product-reviews/B06XFXX3P5?reviewerType=all_reviews,Customer reviews: Yankee Candle 5038581016672 jar Small ...
https://www.amazon.com/Yankee-Candle-Elevation-Collection-Platform/product-reviews/B07D39T2ZF,Customer reviews: Yankee Candle Elevation Collection with ...
https://www.amazon.com/Yankee-Candle-Vanilla-Scent-Refills/product-reviews/B01F0BMX30,Customer reviews: Yankee Candle 5038580073874 Electric ...
https://www.amazon.com/Yankee-Candle-Elevation-Collection-Platform/product-reviews/B07D4JMZHD,Customer reviews: Yankee Candle Elevation Collection with ...
https://www.amazon.com/Yankee-Candle-Elevation-Collection-Platform/product-reviews/B07D38TCQP,Customer reviews: Yankee Candle Elevation ... - Amazon.com
https://www.amazon.com/product-reviews/B08F2V295C?reviewerType=all_reviews,Customer reviews: Yankee Candle Advent Calendar 2020 ...
https://www.amazon.com/Yankee-Candle-Elevation-Collection-Platform/product-reviews/B07D39HSRQ?pageNumber=3,Customer reviews: Yankee Candle Elevation ... - Amazon.com
https://www.amazon.com/Yankee-Candle-Elevation-Collection-Platform/product-reviews/B07D39HSRQ?pageNumber=6,Customer reviews: Yankee Candle Elevation Collection with ...
https://www.amazon.com/Yankee-Candle-Votive-Samplers-Scents/product-reviews/B07HZMTKQ5?pageNumber=2&reviewerType=all_reviews,Customer reviews: Yankee Candle Votive Value ... - Amazon.com
https://www.amazon.com/Yankee-Candle-Autumn-Glow-Small/product-reviews/B06XFXX3P5?reviewerType=all_reviews,Customer reviews: Yankee Candle 5038581016672 jar Small ...
https://www.amazon.com/Yankee-Candle-Elevation-Collection-Platform/product-reviews/B07D39T2ZF,Customer reviews: Yankee Candle Elevation Collection with ...
https://www.amazon.com/Yankee-Candle-Vanilla-Scent-Refills/product-reviews/B01F0BMX30,Customer reviews: Yankee Candle 5038580073874 Electric ...
https://www.amazon.com/Yankee-Candle-Elevation-Collection-Platform/product-reviews/B07D4JMZHD,Customer reviews: Yankee Candle Elevation Collection with ...
https://www.amazon.com/Yankee-Candle-Elevation-Collection-Platform/product-reviews/B07D38TCQP,Customer reviews: Yankee Candle Elevation ... - Amazon.com
https://www.amazon.com/product-reviews/B08F2V295C?reviewerType=all_reviews,Customer reviews: Yankee Candle Advent Calendar 2020 ...
https://www.amazon.com/Yankee-Candle-Elevation-Collection-Platform/product-reviews/B07D39HSRQ?pageNumber=3,Customer reviews: Yankee Candle Elevation ... - Amazon.com
https://www.amazon.com/Yankee-Candle-Elevation-Collection-Platform/product-reviews/B07D39HSRQ?pageNumber=6,Customer reviews: Yankee Candle Elevation Collection with ...
https://www.amazon.com/Yankee-Candle-Votive-Samplers-Scents/product-reviews/B07HZMTKQ5?pageNumber=2&reviewerType=all_reviews,Customer reviews: Yankee Candle Votive Value ... - Amazon.com
https://www.amazon.com/Yankee-Candle-Large-Caf%C3%A9-Fresco/product-reviews/B01NAAQLZ1?pageNumber=3,Customer reviews: Yankee Candle Café al Fresco Scented ...
https://www.amazon.com/Yankee-Candle-Elevation-Collection-Platform/product-reviews/B07D39T2ZF,Customer reviews: Yankee Candle Elevation Collection with ...
https://www.amazon.com/Yankee-Candle-Vanilla-Scent-Refills/product-reviews/B01F0BMX30,Customer reviews: Yankee Candle 5038580073874 Electric ...
https://www.amazon.com/Yankee-Candle-Elevation-Collection-Platform/product-reviews/B07D4JMZHD,Customer reviews: Yankee Candle Elevation Collection with ...
https://www.amazon.com/Yankee-Candle-Elevation-Collection-Platform/product-reviews/B07D38TCQP,Customer reviews: Yankee Candle Elevation ... - Amazon.com
https://www.amazon.com/product-reviews/B08F2V295C?reviewerType=all_reviews,Customer reviews: Yankee Candle Advent Calendar 2020 ...
https://www.amazon.com/Yankee-Candle-Elevation-Collection-Platform/product-reviews/B07D39HSRQ?pageNumber=3,Customer reviews: Yankee Candle Elevation ... - Amazon.com
https://www.amazon.com/Yankee-Candle-Elevation-Collection-Platform/product-reviews/B07D39HSRQ?pageNumber=6,Customer reviews: Yankee Candle Elevation Collection with ...
https://www.amazon.com/Yankee-Candle-Votive-Samplers-Scents/product-reviews/B07HZMTKQ5?pageNumber=2&reviewerType=all_reviews,Customer reviews: Yankee Candle Votive Value ... - Amazon.com
https://www.amazon.com/Yankee-Candle-Large-Caf%C3%A9-Fresco/product-reviews/B01NAAQLZ1?pageNumber=3,Customer reviews: Yankee Candle Café al Fresco Scented ...
https://www.amazon.com/Yankee-Candle-Large-White-Gardenia/dp/B006QOK0ZY,"Yankee Candle White Gardenia Scented, Classic 22oz Large ..."
https://www.amazon.com/Yankee-Candle-Vanilla-Scent-Refills/product-reviews/B01F0BMX30,Customer reviews: Yankee Candle 5038580073874 Electric ...
https://www.amazon.com/Yankee-Candle-Elevation-Collection-Platform/product-reviews/B07D4JMZHD,Customer reviews: Yankee Candle Elevation Collection with ...
https://www.amazon.com/Yankee-Candle-Elevation-Collection-Platform/product-reviews/B07D38TCQP,Customer reviews: Yankee Candle Elevation ... - Amazon.com
https://www.amazon.com/product-reviews/B08F2V295C?reviewerType=all_reviews,Customer reviews: Yankee Candle Advent Calendar 2020 ...
https://www.amazon.com/Yankee-Candle-Elevation-Collection-Platform/product-reviews/B07D39HSRQ?pageNumber=3,Customer reviews: Yankee Candle Elevation ... - Amazon.com
https://www.amazon.com/Yankee-Candle-Elevation-Collection-Platform/product-reviews/B07D39HSRQ?pageNumber=6,Customer reviews: Yankee Candle Elevation Collection with ...
https://www.amazon.com/Yankee-Candle-Votive-Samplers-Scents/product-reviews/B07HZMTKQ5?pageNumber=2&reviewerType=all_reviews,Customer reviews: Yankee Candle Votive Value ... - Amazon.com
https://www.amazon.com/Yankee-Candle-Large-Caf%C3%A9-Fresco/product-reviews/B01NAAQLZ1?pageNumber=3,Customer reviews: Yankee Candle Café al Fresco Scented ...
https://www.amazon.com/Yankee-Candle-Large-White-Gardenia/dp/B006QOK0ZY,"Yankee Candle White Gardenia Scented, Classic 22oz Large ..."
https://www.amazon.com/Yankee-Candle-Large-Home-Sweet/dp/B000WUFVR0,"Yankee Candle Home Sweet Home Scented, Classic 22oz ..."
https://www.amazon.com/Yankee-Candle-Elevation-Collection-Platform/product-reviews/B07D4JMZHD,Customer reviews: Yankee Candle Elevation Collection with ...
https://www.amazon.com/Yankee-Candle-Elevation-Collection-Platform/product-reviews/B07D38TCQP,Customer reviews: Yankee Candle Elevation ... - Amazon.com
https://www.amazon.com/product-reviews/B08F2V295C?reviewerType=all_reviews,Customer reviews: Yankee Candle Advent Calendar 2020 ...
https://www.amazon.com/Yankee-Candle-Elevation-Collection-Platform/product-reviews/B07D39HSRQ?pageNumber=3,Customer reviews: Yankee Candle Elevation ... - Amazon.com
https://www.amazon.com/Yankee-Candle-Elevation-Collection-Platform/product-reviews/B07D39HSRQ?pageNumber=6,Customer reviews: Yankee Candle Elevation Collection with ...
https://www.amazon.com/Yankee-Candle-Votive-Samplers-Scents/product-reviews/B07HZMTKQ5?pageNumber=2&reviewerType=all_reviews,Customer reviews: Yankee Candle Votive Value ... - Amazon.com
https://www.amazon.com/Yankee-Candle-Large-Caf%C3%A9-Fresco/product-reviews/B01NAAQLZ1?pageNumber=3,Customer reviews: Yankee Candle Café al Fresco Scented ...
https://www.amazon.com/Yankee-Candle-Large-White-Gardenia/dp/B006QOK0ZY,"Yankee Candle White Gardenia Scented, Classic 22oz Large ..."
https://www.amazon.com/Yankee-Candle-Large-Home-Sweet/dp/B000WUFVR0,"Yankee Candle Home Sweet Home Scented, Classic 22oz ..."
https://www.amazon.com/Yankee-Candle-Warm-Tobacco-Jar/product-reviews/B076GV9G2M,Customer reviews: Yankee Candle Warm Tobacco Jar Candle
https://www.amazon.com/gp/aw/reviews/B0842JHF9N,Customer reviews: Yankee Candle Elevation ... - Amazon.com
https://www.amazon.com/Yankee-Candle-Bundle-Popular-Fragrances/product-reviews/B07HZQVHXS?reviewerType=all_reviews,Customer reviews: Yankee Candle Wax Melts Value ... - Amazon
https://www.amazon.com/product-reviews/B08BCSCGFM/,Customer reviews: Yankee Candle Scented ... - Amazon.com
https://www.amazon.com/product-reviews/B084BWJB4T/,Customer reviews: Yankee Candle Elevation ... - Amazon.com
https://www.amazon.com/gp/aw/reviews/B07P5PSM3M,Customer reviews: Yankee Candle White Strawberry Bellini ...
https://www.amazon.com/Yankee-Candle-Elevation-Collection-Platform/product-reviews/B07D4JMZHD,Customer reviews: Yankee Candle Elevation Collection with ...
https://www.amazon.com/gp/aw/reviews/B07D39L4Z8,Customer reviews: Yankee Candle 1591111 Company ...
https://www.amazon.com/product-reviews/B08F2WX9SN?reviewerType=all_reviews,Customer reviews: Yankee Candle Wick ... - Amazon.com
https://www.amazon.com/Yankee-Candle-Vanilla-Scent-Refills/product-reviews/B01F0BMX30,Customer reviews: Yankee Candle 5038580073874 Electric ...
https://www.amazon.com/Yankee-Candle-Medium-Scented-Winter/product-reviews/B07CVH3873?reviewerType=all_reviews,Customer reviews: Yankee Candle Medium Jar Scented ...
https://www.amazon.com/Yankee-Candle-Bundle-Popular-Fragrances/product-reviews/B07HZQVHXS?reviewerType=all_reviews,Customer reviews: Yankee Candle Wax Melts Value ... - Amazon
https://www.amazon.com/product-reviews/B08BCSCGFM/,Customer reviews: Yankee Candle Scented ... - Amazon.com
https://www.amazon.com/product-reviews/B084BWJB4T/,Customer reviews: Yankee Candle Elevation ... - Amazon.com
https://www.amazon.com/gp/aw/reviews/B07P5PSM3M,Customer reviews: Yankee Candle White Strawberry Bellini ...
https://www.amazon.com/Yankee-Candle-Elevation-Collection-Platform/product-reviews/B07D4JMZHD,Customer reviews: Yankee Candle Elevation Collection with ...
https://www.amazon.com/gp/aw/reviews/B07D39L4Z8,Customer reviews: Yankee Candle 1591111 Company ...
https://www.amazon.com/product-reviews/B08F2WX9SN?reviewerType=all_reviews,Customer reviews: Yankee Candle Wick ... - Amazon.com
https://www.amazon.com/Yankee-Candle-Vanilla-Scent-Refills/product-reviews/B01F0BMX30,Customer reviews: Yankee Candle 5038580073874 Electric ...
https://www.amazon.com/Yankee-Candle-Medium-Scented-Winter/product-reviews/B07CVH3873?reviewerType=all_reviews,Customer reviews: Yankee Candle Medium Jar Scented ...
https://www.amazon.com/Yankee-Candle-Elevation-Collection-Platform/product-reviews/B07D396V8Y?reviewerType=all_reviews,Customer reviews: Yankee Candle Elevation ... - Amazon.com
https://www.amazon.com/product-reviews/B08BCSCGFM/,Customer reviews: Yankee Candle Scented ... - Amazon.com
https://www.amazon.com/product-reviews/B084BWJB4T/,Customer reviews: Yankee Candle Elevation ... - Amazon.com
https://www.amazon.com/gp/aw/reviews/B07P5PSM3M,Customer reviews: Yankee Candle White Strawberry Bellini ...
https://www.amazon.com/Yankee-Candle-Elevation-Collection-Platform/product-reviews/B07D4JMZHD,Customer reviews: Yankee Candle Elevation Collection with ...
https://www.amazon.com/gp/aw/reviews/B07D39L4Z8,Customer reviews: Yankee Candle 1591111 Company ...
https://www.amazon.com/product-reviews/B08F2WX9SN?reviewerType=all_reviews,Customer reviews: Yankee Candle Wick ... - Amazon.com
https://www.amazon.com/Yankee-Candle-Vanilla-Scent-Refills/product-reviews/B01F0BMX30,Customer reviews: Yankee Candle 5038580073874 Electric ...
https://www.amazon.com/Yankee-Candle-Medium-Scented-Winter/product-reviews/B07CVH3873?reviewerType=all_reviews,Customer reviews: Yankee Candle Medium Jar Scented ...
https://www.amazon.com/Yankee-Candle-Elevation-Collection-Platform/product-reviews/B07D396V8Y?reviewerType=all_reviews,Customer reviews: Yankee Candle Elevation ... - Amazon.com
https://www.amazon.com/gp/aw/reviews/B07H36TFMQ,Amazon.com: Customer reviews
https://www.amazon.com/product-reviews/B084BWJB4T/,Customer reviews: Yankee Candle Elevation ... - Amazon.com
https://www.amazon.com/gp/aw/reviews/B07P5PSM3M,Customer reviews: Yankee Candle White Strawberry Bellini ...
https://www.amazon.com/Yankee-Candle-Elevation-Collection-Platform/product-reviews/B07D4JMZHD,Customer reviews: Yankee Candle Elevation Collection with ...
https://www.amazon.com/gp/aw/reviews/B07D39L4Z8,Customer reviews: Yankee Candle 1591111 Company ...
https://www.amazon.com/product-reviews/B08F2WX9SN?reviewerType=all_reviews,Customer reviews: Yankee Candle Wick ... - Amazon.com
https://www.amazon.com/Yankee-Candle-Vanilla-Scent-Refills/product-reviews/B01F0BMX30,Customer reviews: Yankee Candle 5038580073874 Electric ...
https://www.amazon.com/Yankee-Candle-Medium-Scented-Winter/product-reviews/B07CVH3873?reviewerType=all_reviews,Customer reviews: Yankee Candle Medium Jar Scented ...
https://www.amazon.com/Yankee-Candle-Elevation-Collection-Platform/product-reviews/B07D396V8Y?reviewerType=all_reviews,Customer reviews: Yankee Candle Elevation ... - Amazon.com
https://www.amazon.com/gp/aw/reviews/B07H36TFMQ,Amazon.com: Customer reviews
https://www.amazon.com/product-reviews/B07N8F1684/ref=dp_fod_cr_1?pd_rd_i=B07N8F1684,Customer reviews: Yankee Candle 5038581067346 Tumbler ...
https://www.amazon.com/gp/aw/reviews/B07P5PSM3M,Customer reviews: Yankee Candle White Strawberry Bellini ...
https://www.amazon.com/Yankee-Candle-Elevation-Collection-Platform/product-reviews/B07D4JMZHD,Customer reviews: Yankee Candle Elevation Collection with ...
https://www.amazon.com/gp/aw/reviews/B07D39L4Z8,Customer reviews: Yankee Candle 1591111 Company ...
https://www.amazon.com/product-reviews/B08F2WX9SN?reviewerType=all_reviews,Customer reviews: Yankee Candle Wick ... - Amazon.com
https://www.amazon.com/Yankee-Candle-Vanilla-Scent-Refills/product-reviews/B01F0BMX30,Customer reviews: Yankee Candle 5038580073874 Electric ...
https://www.amazon.com/Yankee-Candle-Medium-Scented-Winter/product-reviews/B07CVH3873?reviewerType=all_reviews,Customer reviews: Yankee Candle Medium Jar Scented ...
https://www.amazon.com/Yankee-Candle-Elevation-Collection-Platform/product-reviews/B07D396V8Y?reviewerType=all_reviews,Customer reviews: Yankee Candle Elevation ... - Amazon.com
https://www.amazon.com/gp/aw/reviews/B07H36TFMQ,Amazon.com: Customer reviews
https://www.amazon.com/product-reviews/B07N8F1684/ref=dp_fod_cr_1?pd_rd_i=B07N8F1684,Customer reviews: Yankee Candle 5038581067346 Tumbler ...
https://www.amazon.com/Yankee-Candle-Elevation-Collection-Platform/product-reviews/B07D39RV2K,Customer reviews: Yankee Candle Company Elevation ...
https://www.amazon.com/product-reviews/B08F2WX9SN?reviewerType=all_reviews,Customer reviews: Yankee Candle Wick ... - Amazon.com
https://www.amazon.com/gp/aw/reviews/B07D39L4Z8,Customer reviews: Yankee Candle 1591111 Company ...
https://www.amazon.com/Yankee-Candle-Elevation-Collection-Platform/product-reviews/B07D4JMZHD,Customer reviews: Yankee Candle Elevation Collection with ...
https://www.amazon.com/Yankee-Candle-Vanilla-Scent-Refills/product-reviews/B01F0BMX30,Customer reviews: Yankee Candle 5038580073874 Electric ...
https://www.amazon.com/Yankee-Candle-Medium-Scented-Winter/product-reviews/B07CVH3873?reviewerType=all_reviews,Customer reviews: Yankee Candle Medium Jar Scented ...
https://www.amazon.com/gp/aw/reviews/B07H36TFMQ,Amazon.com: Customer reviews
https://www.amazon.com/Yankee-Candle-Elevation-Collection-Platform/product-reviews/B07D396V8Y?reviewerType=all_reviews,Customer reviews: Yankee Candle Elevation ... - Amazon.com
https://www.amazon.com/product-reviews/B07N8F1684/ref=dp_fod_cr_1?pd_rd_i=B07N8F1684,Customer reviews: Yankee Candle 5038581067346 Tumbler ...
https://www.amazon.com/Yankee-Candle-Elevation-Collection-Platform/product-reviews/B07D39RV2K,Customer reviews: Yankee Candle Company Elevation ...
https://www.amazon.com/product-reviews/B07J18DTR4?reviewerType=all_reviews,Customer reviews: Yankee Candle Value Bundle with 18 ...
https://www.amazon.com/gp/aw/reviews/B07D39L4Z8,Customer reviews: Yankee Candle 1591111 Company ...
https://www.amazon.com/Yankee-Candle-Elevation-Collection-Platform/product-reviews/B07D4JMZHD,Customer reviews: Yankee Candle Elevation Collection with ...
https://www.amazon.com/Yankee-Candle-Vanilla-Scent-Refills/product-reviews/B01F0BMX30,Customer reviews: Yankee Candle 5038580073874 Electric ...
https://www.amazon.com/Yankee-Candle-Medium-Scented-Winter/product-reviews/B07CVH3873?reviewerType=all_reviews,Customer reviews: Yankee Candle Medium Jar Scented ...
https://www.amazon.com/gp/aw/reviews/B07H36TFMQ,Amazon.com: Customer reviews
https://www.amazon.com/Yankee-Candle-Elevation-Collection-Platform/product-reviews/B07D396V8Y?reviewerType=all_reviews,Customer reviews: Yankee Candle Elevation ... - Amazon.com
https://www.amazon.com/product-reviews/B07N8F1684/ref=dp_fod_cr_1?pd_rd_i=B07N8F1684,Customer reviews: Yankee Candle 5038581067346 Tumbler ...
https://www.amazon.com/Yankee-Candle-Elevation-Collection-Platform/product-reviews/B07D39RV2K,Customer reviews: Yankee Candle Company Elevation ...
https://www.amazon.com/product-reviews/B07J18DTR4?reviewerType=all_reviews,Customer reviews: Yankee Candle Value Bundle with 18 ...
https://www.amazon.com/Sparkling-Pine-Yankee-Candle-Jar/product-reviews/B001WMOAJC,Customer reviews: Sparkling Pine - Yankee Candle 22 oz Jar
https://www.amazon.com/Yankee-Candle-Elevation-Collection-Platform/product-reviews/B07D4JMZHD,Customer reviews: Yankee Candle Elevation Collection with ...
https://www.amazon.com/Yankee-Candle-Vanilla-Scent-Refills/product-reviews/B01F0BMX30,Customer reviews: Yankee Candle 5038580073874 Electric ...
https://www.amazon.com/Yankee-Candle-Medium-Scented-Winter/product-reviews/B07CVH3873?reviewerType=all_reviews,Customer reviews: Yankee Candle Medium Jar Scented ...
https://www.amazon.com/gp/aw/reviews/B07H36TFMQ,Amazon.com: Customer reviews
https://www.amazon.com/Yankee-Candle-Elevation-Collection-Platform/product-reviews/B07D396V8Y?reviewerType=all_reviews,Customer reviews: Yankee Candle Elevation ... - Amazon.com
https://www.amazon.com/product-reviews/B07N8F1684/ref=dp_fod_cr_1?pd_rd_i=B07N8F1684,Customer reviews: Yankee Candle 5038581067346 Tumbler ...
https://www.amazon.com/Yankee-Candle-Elevation-Collection-Platform/product-reviews/B07D39RV2K,Customer reviews: Yankee Candle Company Elevation ...
https://www.amazon.com/product-reviews/B07J18DTR4?reviewerType=all_reviews,Customer reviews: Yankee Candle Value Bundle with 18 ...
https://www.amazon.com/Sparkling-Pine-Yankee-Candle-Jar/product-reviews/B001WMOAJC,Customer reviews: Sparkling Pine - Yankee Candle 22 oz Jar
https://www.amazon.com/Yankee-Candle-Elevation-Collection-Platform/product-reviews/B07D4HFPZQ?reviewerType=all_reviews,Customer reviews: Yankee Candle Elevation Collection with ...
https://www.amazon.com/Yankee-Candle-Vanilla-Scent-Refills/product-reviews/B01F0BMX30,Customer reviews: Yankee Candle 5038580073874 Electric ...
https://www.amazon.com/Yankee-Candle-Medium-Scented-Winter/product-reviews/B07CVH3873?reviewerType=all_reviews,Customer reviews: Yankee Candle Medium Jar Scented ...
https://www.amazon.com/gp/aw/reviews/B07H36TFMQ,Amazon.com: Customer reviews
https://www.amazon.com/Yankee-Candle-Elevation-Collection-Platform/product-reviews/B07D396V8Y?reviewerType=all_reviews,Customer reviews: Yankee Candle Elevation ... - Amazon.com
https://www.amazon.com/product-reviews/B07N8F1684/ref=dp_fod_cr_1?pd_rd_i=B07N8F1684,Customer reviews: Yankee Candle 5038581067346 Tumbler ...
https://www.amazon.com/Yankee-Candle-Elevation-Collection-Platform/product-reviews/B07D39RV2K,Customer reviews: Yankee Candle Company Elevation ...
https://www.amazon.com/product-reviews/B07J18DTR4?reviewerType=all_reviews,Customer reviews: Yankee Candle Value Bundle with 18 ...
https://www.amazon.com/Sparkling-Pine-Yankee-Candle-Jar/product-reviews/B001WMOAJC,Customer reviews: Sparkling Pine - Yankee Candle 22 oz Jar
https://www.amazon.com/Yankee-Candle-Elevation-Collection-Platform/product-reviews/B07D4HFPZQ?reviewerType=all_reviews,Customer reviews: Yankee Candle Elevation Collection with ...
https://www.amazon.com/Yankee-Candle-Elevation-Collection-Platform/product-reviews/B07D39T2ZF,Customer reviews: Yankee Candle Elevation Collection with ...
https://www.amazon.com/Yankee-Candle-Medium-Scented-Winter/product-reviews/B07CVH3873?reviewerType=all_reviews,Customer reviews: Yankee Candle Medium Jar Scented ...
https://www.amazon.com/gp/aw/reviews/B07H36TFMQ,Amazon.com: Customer reviews
https://www.amazon.com/Yankee-Candle-Elevation-Collection-Platform/product-reviews/B07D396V8Y?reviewerType=all_reviews,Customer reviews: Yankee Candle Elevation ... - Amazon.com
https://www.amazon.com/product-reviews/B07N8F1684/ref=dp_fod_cr_1?pd_rd_i=B07N8F1684,Customer reviews: Yankee Candle 5038581067346 Tumbler ...
https://www.amazon.com/Yankee-Candle-Elevation-Collection-Platform/product-reviews/B07D39RV2K,Customer reviews: Yankee Candle Company Elevation ...
https://www.amazon.com/product-reviews/B07J18DTR4?reviewerType=all_reviews,Customer reviews: Yankee Candle Value Bundle with 18 ...
https://www.amazon.com/Sparkling-Pine-Yankee-Candle-Jar/product-reviews/B001WMOAJC,Customer reviews: Sparkling Pine - Yankee Candle 22 oz Jar
https://www.amazon.com/Yankee-Candle-Elevation-Collection-Platform/product-reviews/B07D4HFPZQ?reviewerType=all_reviews,Customer reviews: Yankee Candle Elevation Collection with ...
https://www.amazon.com/Yankee-Candle-Elevation-Collection-Platform/product-reviews/B07D39T2ZF,Customer reviews: Yankee Candle Elevation Collection with ...
https://www.amazon.com/Yankee-Candle-Elevation-Collection-Platform/product-reviews/B07D38TCQP,Customer reviews: Yankee Candle Elevation ... - Amazon.com
